{"name":"1546985a-c4a5-4699-94ee-c6fd4a9cc7fc","id":"/providers/Microsoft.Flow/flows/1546985a-c4a5-4699-94ee-c6fd4a9cc7fc","type":"Microsoft.Flow/flows","properties":{"apiId":"/providers/Microsoft.PowerApps/apis/shared_logicflows","displayName":"DataContractEdit","definition":{"metadata":{"workflowEntityId":null,"processAdvisorMetadata":null,"flowChargedByPaygo":null,"flowclientsuspensionreason":"None","flowclientsuspensiontime":null,"flowclientsuspensionreasondetails":null,"creator":{"id":"40ad053f-ecfb-4cf5-8db2-5a7ca8dff330","type":"User","tenantId":"b01f69fa-6aeb-484a-a6b3-cd9f723bf575"},"provisioningMethod":"FromDefinition","failureAlertSubscription":true,"clientLastModifiedTime":"2023-05-23T17:08:13.2739652Z"},"$schema":"https://schema.management.azure.com/providers/Microsoft.Logic/schemas/2016-06-01/workflowdefinition.json#","contentVersion":"1.0.0.0","parameters":{"$authentication":{"defaultValue":{},"type":"SecureObject"}},"triggers":{"manual":{"metadata":{"operationMetadataId":"4fbdb299-4943-4f95-849a-c7b0e401f561"},"type":"Request","kind":"PowerApp","inputs":{"schema":{"type":"object","properties":{"ParseJSON_Content":{"type":"any","x-ms-powerflows-param-ispartial":false}},"required":["ParseJSON_Content"]}}}},"actions":{"Parse_JSON":{"runAfter":{},"metadata":{"operationMetadataId":"7ee3ed03-4403-494d-81b1-e94e63b4501d"},"type":"ParseJson","inputs":{"content":"@triggerBody()['ParseJSON_Content']","schema":{"type":"array","items":{"type":"object","properties":{"BusinessContact":{"type":"string"},"BusinessContactEmail":{"type":"string"},"BusinessContactObjID":{"type":"string"},"BusinessContactUPN":{"type":"string"},"ContractID":{"type":"string"},"DataClassificationLevel":{"type":"string"},"DataNameFriendly":{"type":"string"},"DataNameSystem":{"type":"string"},"DataOwner":{"type":"string"},"DataOwnerEmail":{"type":"string"},"DataOwnerObjID":{"type":"string"},"DataOwnerUPN":{"type":"string"},"Description":{"type":"string"},"EditedBy":{"type":"string"},"EditedByEmail":{"type":"string"},"EditedById":{"type":"string"},"EditedByUPN":{"type":"string"},"EngineeringContact":{"type":"string"},"EngineeringContactEmail":{"type":"string"},"EngineeringContactObjID":{"type":"string"},"EngineeringContactUPN":{"type":"string"},"Format":{"type":"string"},"Metadata":{"type":"string"},"Pattern":{"type":"string"},"PublisherName":{"type":"string"},"Restrictions":{"type":"string"},"SourceSystem":{"type":"string"},"SubjectArea":{"type":"string"}},"required":["BusinessContact","BusinessContactEmail","BusinessContactObjID","BusinessContactUPN","ContractID","DataClassificationLevel","DataNameFriendly","DataNameSystem","DataOwner","DataOwnerEmail","DataOwnerObjID","DataOwnerUPN","Description","EditedBy","EditedByEmail","EditedById","EditedByUPN","EngineeringContact","EngineeringContactEmail","EngineeringContactObjID","EngineeringContactUPN","Format","Metadata","Pattern","PublisherName","Restrictions","SourceSystem","SubjectArea"]}}}},"HTTP":{"runAfter":{"Parse_JSON":["Succeeded"]},"metadata":{"operationMetadataId":"a90834ab-e875-4976-9351-445cc8867f0c"},"type":"Http","inputs":{"method":"POST","uri":"https://actsd-dev-eu2-logic-02.azurewebsites.net:443/api/DataContractEdit/triggers/manual/invoke?api-version=2022-05-01&sp=%2Ftriggers%2Fmanual%2Frun&sv=1.0&sig=U2dG8kIK8deQIJPEG-PtRo1UO0bQOhZuX1Z5xbvoGCE","body":"@body('Parse_JSON')"}},"Response":{"runAfter":{"HTTP":["Succeeded"]},"metadata":{"operationMetadataId":"87fe9b64-b92a-42d1-9f19-822a268e2f5e"},"type":"Response","kind":"Http","inputs":{"statusCode":200,"body":"@body('HTTP')"}}}},"connectionReferences":{},"flowFailureAlertSubscribed":false,"isManaged":false}}