{"name":"d11c8b66-ec55-4c28-9755-4ba77099d6c0","id":"/providers/Microsoft.Flow/flows/d11c8b66-ec55-4c28-9755-4ba77099d6c0","type":"Microsoft.Flow/flows","properties":{"apiId":"/providers/Microsoft.PowerApps/apis/shared_logicflows","displayName":"DataContractMappingSubmit","definition":{"metadata":{"workflowEntityId":null,"processAdvisorMetadata":null,"flowChargedByPaygo":null,"flowclientsuspensionreason":"None","flowclientsuspensiontime":null,"flowclientsuspensionreasondetails":null,"creator":{"id":"40ad053f-ecfb-4cf5-8db2-5a7ca8dff330","type":"User","tenantId":"b01f69fa-6aeb-484a-a6b3-cd9f723bf575"},"provisioningMethod":"FromDefinition","failureAlertSubscription":true,"clientLastModifiedTime":"2023-05-23T17:10:30.3233627Z"},"$schema":"https://schema.management.azure.com/providers/Microsoft.Logic/schemas/2016-06-01/workflowdefinition.json#","contentVersion":"1.0.0.0","parameters":{"$authentication":{"defaultValue":{},"type":"SecureObject"}},"triggers":{"manual":{"metadata":{"operationMetadataId":"e4a3a09b-1649-40a1-b45b-5205e7532ff5"},"type":"Request","kind":"PowerApp","inputs":{"schema":{"type":"object","properties":{"HTTP_Body":{"type":"any","description":"Enter request content","x-ms-powerflows-param-ispartial":false}},"required":["HTTP_Body"]}}}},"actions":{"HTTP":{"runAfter":{"Parse_JSON":["Succeeded"]},"metadata":{"operationMetadataId":"0641e3e9-30f2-4b8e-9e63-43bc63c0a3f1"},"type":"Http","inputs":{"method":"POST","uri":"https://actsd-dev-eu2-logic-02.azurewebsites.net:443/api/MappingServiceIngestion/triggers/manual/invoke?api-version=2022-05-01&sp=%2Ftriggers%2Fmanual%2Frun&sv=1.0&sig=nte6mxOa_e3XLyxw5dHP1J11oX3zD7A3NqwLwxy1g8M","body":"@body('Parse_JSON')"}},"Parse_JSON":{"runAfter":{},"metadata":{"operationMetadataId":"c0296bdb-a39a-4e36-83df-ce6b4399f616"},"type":"ParseJson","inputs":{"content":"@triggerBody()['HTTP_Body']","schema":{"type":"array","items":{"type":"object","properties":{"TimeStamp":{"type":"string"},"sink":{"type":"string"},"sinkDataType":{"type":"string"},"sinkOrdinal":{"type":"string"},"sinkdbName":{"type":"string"},"sinkdbSchema":{"type":"string"},"sinkdbTableName":{"type":"string"},"source":{"type":"string"},"sourceCTId":{"type":"string"},"sourceDatatype":{"type":"string"},"sourceFileName":{"type":"string"},"sourceOrdinal":{"type":"string"},"sourcePath":{"type":"string"}},"required":["TimeStamp","sink","sinkDataType","sinkOrdinal","sinkdbName","sinkdbSchema","sinkdbTableName","source","sourceCTId","sourceDatatype","sourceFileName","sourceOrdinal","sourcePath"]}}}}}},"connectionReferences":{},"flowFailureAlertSubscribed":false,"isManaged":false}}