{"name":"68ac449c-a480-43ab-9ca2-6df99324013f","id":"/providers/Microsoft.Flow/flows/68ac449c-a480-43ab-9ca2-6df99324013f","type":"Microsoft.Flow/flows","properties":{"apiId":"/providers/Microsoft.PowerApps/apis/shared_logicflows","displayName":"getFromControl","definition":{"metadata":{"workflowEntityId":null,"processAdvisorMetadata":null,"flowChargedByPaygo":null,"flowclientsuspensionreason":"None","flowclientsuspensiontime":null,"flowclientsuspensionreasondetails":null,"creator":{"id":"40ad053f-ecfb-4cf5-8db2-5a7ca8dff330","type":"User","tenantId":"b01f69fa-6aeb-484a-a6b3-cd9f723bf575"},"provisioningMethod":"FromDefinition","failureAlertSubscription":true,"clientLastModifiedTime":"2023-05-23T17:13:13.8609496Z"},"$schema":"https://schema.management.azure.com/providers/Microsoft.Logic/schemas/2016-06-01/workflowdefinition.json#","contentVersion":"1.0.0.0","parameters":{"$authentication":{"defaultValue":{},"type":"SecureObject"}},"triggers":{"manual":{"metadata":{"operationMetadataId":"a763f11b-4998-4650-adc6-33fcde0ed1af"},"type":"Request","kind":"PowerApp","inputs":{"schema":{"type":"object","properties":{},"required":[]}}}},"actions":{"HTTP":{"runAfter":{},"metadata":{"operationMetadataId":"9e2af0fa-8059-49f2-ab94-ad379743ddcb"},"type":"Http","inputs":{"method":"POST","uri":"https://actsd-dev-eu2-logic-02.azurewebsites.net:443/api/getlistFromControlTable/triggers/manual/invoke?api-version=2022-05-01&sp=%2Ftriggers%2Fmanual%2Frun&sv=1.0&sig=Jwl7EBzqIeR1_1G-ftI3G8bJCqfsaxhT7058ZVRex_Q"}},"Response":{"runAfter":{"HTTP":["Succeeded"]},"metadata":{"operationMetadataId":"48d0ed8e-662b-4e7d-a64e-16b8c888ddb5"},"type":"Response","kind":"Http","inputs":{"statusCode":200,"body":"@body('HTTP')","schema":{"type":"array","items":{"type":"object","properties":{"destination_filename":{"type":"string"},"destination_folderpath":{"type":"string"},"control_table_record_id":{"type":"integer"}},"required":["destination_filename","destination_folderpath","control_table_record_id"]}}}}}},"connectionReferences":{},"flowFailureAlertSubscribed":false,"isManaged":false}}