{"schemaVersion":"1.0","appDefinitionTemplate":{"id":"/providers/Microsoft.PowerApps/apps/","type":"Microsoft.PowerApps/apps","tags":{"primaryDeviceWidth":"1366","primaryDeviceHeight":"768","supportsPortrait":"true","supportsLandscape":"true","primaryFormFactor":"Tablet","publisherVersion":"3.23051.23","minimumRequiredApiVersion":"2.2.0","hasComponent":"true","hasUnlockedComponent":"true","isUnifiedRootApp":"false","sienaVersion":"20230524T203953Z-3.23051.23.0"},"properties":{"appVersion":"2023-05-24T20:39:53Z","lifeCycleId":"Published","createdByClientVersion":{"major":3,"minor":23051,"build":23,"revision":0,"majorRevision":0,"minorRevision":0},"minClientVersion":{"major":3,"minor":23051,"build":23,"revision":0,"majorRevision":0,"minorRevision":0},"backgroundColor":"RGBA(0,176,240,1)","backgroundImageUri":"/2888251304144509846/N9dd9225e-4ef3-4d09-8ef2-206185f5ee35-logoSmallFile","displayName":"Data and AI Portal","description":"","commitMessage":"","appUris":{"documentUri":{"value":"/2888251304144509846/N1c6d6a15-85f0-4f0e-8d4c-7b5456443706-document.msapp"},"imageUris":[],"additionalUris":[]},"createdTime":"0001-01-01T00:00:00Z","lastModifiedTime":"0001-01-01T00:00:00Z","sharedGroupsCount":0,"sharedUsersCount":0,"connectionReferences":{"075b4f4c-fa1f-43e5-80dc-e052bab1c4e4":{"id":"8f4f842b-3fe2-4f2d-aeb2-db0cff46251c","displayName":"Logic flows","iconUri":"https://connectoricons-prod.azureedge.net/releases/v1.0.1615/1.0.1615.3163/logicflows/icon.png","dataSources":["DataContractEdit"],"dependencies":[],"dependents":[],"parameterHints":{"workflowEntityId":{},"workflowName":{"value":"daa47617-5b4d-4da9-aafb-62210eea0f5a"}},"parameterHintsV2":{"workflowEntityId":{},"workflowName":{"value":"daa47617-5b4d-4da9-aafb-62210eea0f5a"}},"isOnPremiseConnection":false,"bypassConsent":false,"dataSets":{},"apiTier":"Standard","isCustomApiConnection":false,"actions":["Run"]},"084c3671-1bad-4838-b057-b54b3f667a3e":{"id":"d769962d-3ab9-408c-9f34-ec927abbea49","displayName":"Azure Blob Storage","iconUri":"https://connectoricons-prod.azureedge.net/releases/v1.0.1627/1.0.1627.3238/azureblob/icon.png","dataSources":["AzureBlobStorage"],"dependencies":[],"dependents":[],"parameterHints":{},"parameterHintsV2":{},"isOnPremiseConnection":false,"sharedConnectionId":"863f06ca-bdc3-4383-9395-885077020022","bypassConsent":false,"dataSets":{},"apiTier":"Premium","isCustomApiConnection":false,"authenticationType":"keyBasedAuth","actions":["CreateFile"],"endpoints":["actsddeveu2landstg02"]},"16e97e05-9ca7-4d1c-bb5d-931f05257c32":{"id":"8f4f842b-3fe2-4f2d-aeb2-db0cff46251c","displayName":"Logic flows","iconUri":"https://connectoricons-prod.azureedge.net/releases/v1.0.1615/1.0.1615.3163/logicflows/icon.png","dataSources":["getDatabases"],"dependencies":[],"dependents":[],"parameterHints":{"workflowEntityId":{},"workflowName":{"value":"40313e75-0b42-4ea5-9125-48d5b23b9ef0"}},"parameterHintsV2":{"workflowEntityId":{},"workflowName":{"value":"40313e75-0b42-4ea5-9125-48d5b23b9ef0"}},"isOnPremiseConnection":false,"bypassConsent":false,"dataSets":{},"apiTier":"Standard","isCustomApiConnection":false,"actions":["Run"]},"1c7655ac-a340-4b41-aa60-d007c0e73ec6":{"id":"cea66cae-de1d-48e4-8553-690aebff8dfd","displayName":"Office 365 Users","iconUri":"https://connectoricons-prod.azureedge.net/releases/v1.0.1626/1.0.1626.3238/office365users/icon.png","dataSources":["Office365Users"],"dependencies":[],"dependents":[],"parameterHints":{},"parameterHintsV2":{},"isOnPremiseConnection":false,"bypassConsent":false,"dataSets":{},"apiTier":"Standard","isCustomApiConnection":false,"actions":["SearchUser","UserProfile"]},"520b28cf-156b-4b0e-9129-202501bf4a60":{"id":"8f4f842b-3fe2-4f2d-aeb2-db0cff46251c","displayName":"Logic flows","iconUri":"https://connectoricons-prod.azureedge.net/releases/v1.0.1615/1.0.1615.3163/logicflows/icon.png","dataSources":["getMappingRecords"],"dependencies":[],"dependents":[],"parameterHints":{"workflowEntityId":{},"workflowName":{"value":"385095bd-d9aa-4566-9b3b-7a88b87e23c4"}},"parameterHintsV2":{"workflowEntityId":{},"workflowName":{"value":"385095bd-d9aa-4566-9b3b-7a88b87e23c4"}},"isOnPremiseConnection":false,"bypassConsent":false,"dataSets":{},"apiTier":"Standard","isCustomApiConnection":false,"actions":["Run"]},"53c45189-b113-4a4e-b8f5-0f1ca37caf5b":{"id":"8f4f842b-3fe2-4f2d-aeb2-db0cff46251c","displayName":"Logic flows","iconUri":"https://connectoricons-prod.azureedge.net/releases/v1.0.1615/1.0.1615.3163/logicflows/icon.png","dataSources":["getFromControl"],"dependencies":[],"dependents":[],"parameterHints":{"workflowEntityId":{},"workflowName":{"value":"4590c53c-0a89-430a-a65c-dbbbf5edf425"}},"parameterHintsV2":{"workflowEntityId":{},"workflowName":{"value":"4590c53c-0a89-430a-a65c-dbbbf5edf425"}},"isOnPremiseConnection":false,"bypassConsent":false,"dataSets":{},"apiTier":"Standard","isCustomApiConnection":false,"actions":["Run"]},"73f46743-ad7b-4db7-91ec-48782d9a9313":{"id":"8f4f842b-3fe2-4f2d-aeb2-db0cff46251c","displayName":"Logic flows","iconUri":"https://connectoricons-prod.azureedge.net/releases/v1.0.1615/1.0.1615.3163/logicflows/icon.png","dataSources":["DataContractMappingSubmit"],"dependencies":[],"dependents":[],"parameterHints":{"workflowEntityId":{},"workflowName":{"value":"ee12078f-9770-4844-b3f5-b9bb339eccfa"}},"parameterHintsV2":{"workflowEntityId":{},"workflowName":{"value":"ee12078f-9770-4844-b3f5-b9bb339eccfa"}},"isOnPremiseConnection":false,"bypassConsent":false,"dataSets":{},"apiTier":"Standard","isCustomApiConnection":false,"actions":["Run"]},"b4c5149f-d90a-40b9-9ae8-e5dd672306df":{"id":"8f4f842b-3fe2-4f2d-aeb2-db0cff46251c","displayName":"Logic flows","iconUri":"https://connectoricons-prod.azureedge.net/releases/v1.0.1615/1.0.1615.3163/logicflows/icon.png","dataSources":["DataContractSubmit"],"dependencies":[],"dependents":[],"parameterHints":{"workflowEntityId":{},"workflowName":{"value":"bd8d4d1c-9df1-4975-9493-3a42a66ed4f8"}},"parameterHintsV2":{"workflowEntityId":{},"workflowName":{"value":"bd8d4d1c-9df1-4975-9493-3a42a66ed4f8"}},"isOnPremiseConnection":false,"bypassConsent":false,"dataSets":{},"apiTier":"Standard","isCustomApiConnection":false,"actions":["Run"]},"bdcf1699-f2e5-40bc-ae67-b1ee9bee3f8a":{"id":"8f4f842b-3fe2-4f2d-aeb2-db0cff46251c","displayName":"Logic flows","iconUri":"https://connectoricons-prod.azureedge.net/releases/v1.0.1615/1.0.1615.3163/logicflows/icon.png","dataSources":["getNewDataContract"],"dependencies":[],"dependents":[],"parameterHints":{"workflowEntityId":{},"workflowName":{"value":"465fd9f9-68b0-44ed-9a06-f3f8d7e316fe"}},"parameterHintsV2":{"workflowEntityId":{},"workflowName":{"value":"465fd9f9-68b0-44ed-9a06-f3f8d7e316fe"}},"isOnPremiseConnection":false,"bypassConsent":false,"dataSets":{},"apiTier":"Standard","isCustomApiConnection":false},"de46fa5c-cda7-4f4d-b5f6-4a23eadda2b3":{"id":"8f4f842b-3fe2-4f2d-aeb2-db0cff46251c","displayName":"Logic flows","iconUri":"https://connectoricons-prod.azureedge.net/releases/v1.0.1615/1.0.1615.3163/logicflows/icon.png","dataSources":["GetSchemaSynapsedb"],"dependencies":[],"dependents":[],"parameterHints":{"workflowEntityId":{},"workflowName":{"value":"a4eb78aa-70a9-4524-bb69-8ab3902c91c5"}},"parameterHintsV2":{"workflowEntityId":{},"workflowName":{"value":"a4eb78aa-70a9-4524-bb69-8ab3902c91c5"}},"isOnPremiseConnection":false,"bypassConsent":false,"dataSets":{},"apiTier":"Standard","isCustomApiConnection":false,"actions":["Run"]},"e6845cba-9edc-40ad-9748-12454d222e46":{"id":"8f4f842b-3fe2-4f2d-aeb2-db0cff46251c","displayName":"Logic flows","iconUri":"https://connectoricons-prod.azureedge.net/releases/v1.0.1615/1.0.1615.3163/logicflows/icon.png","dataSources":["HandshakeSubmit"],"dependencies":[],"dependents":[],"parameterHints":{"workflowEntityId":{},"workflowName":{"value":"8170d288-3b37-4203-b42a-58be8b544317"}},"parameterHintsV2":{"workflowEntityId":{},"workflowName":{"value":"8170d288-3b37-4203-b42a-58be8b544317"}},"isOnPremiseConnection":false,"bypassConsent":false,"dataSets":{},"apiTier":"Standard","isCustomApiConnection":false,"actions":["Run"]},"f9148e1e-57d4-43ea-bdd9-9023667f00d6":{"id":"0c955088-57cf-4623-a713-0a4ff12bac78","displayName":"SQL Server","iconUri":"https://connectoricons-prod.azureedge.net/releases/v1.0.1629/1.0.1629.3253/sql/icon.png","dataSources":["ControlTable","DataContract","DataMapping","Handshake"],"dependencies":[],"dependents":[],"parameterHints":{},"parameterHintsV2":{},"isOnPremiseConnection":false,"bypassConsent":false,"dataSets":{"actsd-dev-eu2-sql-02.database.windows.net,MetadataControl":{"dataSources":{"ControlTable":{"tableName":"[dbo].[ControlTable]"},"DataContract":{"tableName":"[dbo].[DataContract]"},"DataMapping":{"tableName":"[dbo].[DataMapping]"},"Handshake":{"tableName":"[dbo].[Handshake]"}}}},"apiTier":"Premium","isCustomApiConnection":false,"authenticationType":"oauth","actions":["providers/PowerPlatform.Governance/Operations/Read"],"endpoints":["actsd-dev-eu2-sql-02.database.windows.net,MetadataControl"]},"4004e327-c366-463c-a9c9-ffe78186c130":{"id":"8f4f842b-3fe2-4f2d-aeb2-db0cff46251c","displayName":"Logic flows","iconUri":"https://connectoricons-prod.azureedge.net/releases/v1.0.1615/1.0.1615.3163/logicflows/icon.png","dataSources":["schema"],"dependencies":[],"dependents":[],"parameterHints":{"workflowName":{"value":"73dc4201-86df-46f1-87e6-7b5283b4b8b6"},"workflowEntityId":{}},"parameterHintsV2":{"workflowName":{"value":"73dc4201-86df-46f1-87e6-7b5283b4b8b6"},"workflowEntityId":{}},"isOnPremiseConnection":false,"bypassConsent":false,"dataSets":{},"apiTier":"Standard","isCustomApiConnection":false,"actions":["Run"]}},"databaseReferences":{},"almMode":"Environment","performanceOptimizationEnabled":true,"canConsumeAppPass":true,"enableModernRuntimeMode":false,"executionRestrictions":{"isTeamsOnly":false,"dataLossPreventionEvaluationResult":{"status":"Compliant","lastEvaluationDate":"2023-04-02T01:47:25.667825Z","violations":[],"violationsByPolicy":[],"violationErrorMessage":"The app uses the following connectors: shared_office365users, shared_logicflows."},"httpActionRestriction":{"appUsesSharepointHttpAction":false,"enforcementStrategy":"Legacy","evaluationTime":"2023-04-02T01:47:25.6677689Z"}}},"appType":"ClassicCanvasApp","appComponents":[]}}