{"name":"5a30cea1-85a6-4d3c-b039-a8d36b19e157","id":"/providers/Microsoft.Flow/flows/5a30cea1-85a6-4d3c-b039-a8d36b19e157","type":"Microsoft.Flow/flows","properties":{"apiId":"/providers/Microsoft.PowerApps/apis/shared_logicflows","displayName":"getNewDataContract","definition":{"metadata":{"workflowEntityId":null,"processAdvisorMetadata":null,"flowChargedByPaygo":null,"flowclientsuspensionreason":"None","flowclientsuspensiontime":null,"flowclientsuspensionreasondetails":null,"creator":{"id":"40ad053f-ecfb-4cf5-8db2-5a7ca8dff330","type":"User","tenantId":"b01f69fa-6aeb-484a-a6b3-cd9f723bf575"},"provisioningMethod":"FromDefinition","failureAlertSubscription":true,"clientLastModifiedTime":"2023-05-23T17:05:26.7368799Z"},"$schema":"https://schema.management.azure.com/providers/Microsoft.Logic/schemas/2016-06-01/workflowdefinition.json#","contentVersion":"1.0.0.0","parameters":{"$authentication":{"defaultValue":{},"type":"SecureObject"}},"triggers":{"manual":{"metadata":{"operationMetadataId":"3b3d99b9-4e22-49f5-9992-825a87545685"},"type":"Request","kind":"PowerApp","inputs":{"schema":{"type":"object","properties":{},"required":[]}}}},"actions":{"HTTP":{"runAfter":{},"metadata":{"operationMetadataId":"3de3b6a8-8e16-4997-8648-3b97d43d7284"},"type":"Http","inputs":{"method":"POST","uri":"https://actsd-dev-eu2-logic-02.azurewebsites.net:443/api/getNewDataContract/triggers/manual/invoke?api-version=2022-05-01&sp=%2Ftriggers%2Fmanual%2Frun&sv=1.0&sig=Mf6jQM0vJLC2tnQPQPRSm5UMHJesotHTL626RTmQIT4"}},"Response":{"runAfter":{"Parse_JSON":["Succeeded"]},"metadata":{"operationMetadataId":"ca7d0c6f-22a3-481a-88ea-83768fec034c"},"type":"Response","kind":"Http","inputs":{"statusCode":200,"body":"@body('HTTP')","schema":{"type":"array","items":{"type":"object","properties":{"ID":{"type":"integer"},"ContractID":{"type":"string"},"SubjectArea":{"type":"string"},"SourceSystem":{"type":"string"},"PublisherName":{"type":"string"},"DataNameSystem":{"type":"string"},"DataNameFriendly":{"type":"string"},"Description":{"type":"string"},"BusinessContact":{"type":"string"},"BusinessContactEmail":{"type":"string"},"BusinessContactUPN":{"type":"string"},"BusinessContactObjID":{"type":"string"},"EngineeringContact":{"type":"string"},"EngineeringContactEmail":{"type":"string"},"EngineeringContactUPN":{"type":"string"},"EngineeringContactObjID":{"type":"string"},"DataOwner":{"type":"string"},"DataOwnerEmail":{"type":"string"},"DataOwnerUPN":{"type":"string"},"DataOwnerObjID":{"type":"string"},"Format":{"type":"string"},"Restrictions":{"type":"string"},"Metadata":{"type":"string"},"DataClassificationLevel":{"type":"string"},"CreatedBy":{"type":"string"},"CreatedByEmail":{"type":"string"},"CreatedByUPN":{"type":"string"},"CreatedById":{"type":"string"},"CreatedOnDate":{"type":"string"},"Active":{"type":"boolean"},"ActiveDate":{"type":"string"},"InactiveDate":{"type":"string"},"ControlTableID":{"type":"integer"},"Pattern":{"type":"string"}},"required":["ID","ContractID","SubjectArea","SourceSystem","PublisherName","DataNameSystem","DataNameFriendly","Description","BusinessContact","BusinessContactEmail","BusinessContactUPN","BusinessContactObjID","EngineeringContact","EngineeringContactEmail","EngineeringContactUPN","EngineeringContactObjID","DataOwner","DataOwnerEmail","DataOwnerUPN","DataOwnerObjID","SME","Pattern","Format","Restrictions","Metadata","DataClassificationLevel","CreatedBy","CreatedByEmail","CreatedByUPN","CreatedById","DataSchema","CreatedOnDate","Active","ActiveDate","InactiveDate","ControlTableID"]}}}},"Parse_JSON":{"runAfter":{"HTTP":["Succeeded"]},"metadata":{"operationMetadataId":"ec301f3b-b93d-4be2-9b2e-41bf68dcca09"},"type":"ParseJson","inputs":{"content":"@body('HTTP')","schema":{"type":"array","items":{"type":"object","properties":{"ID":{"type":"integer"},"ContractID":{"type":"string"},"SubjectArea":{"type":"string"},"SourceSystem":{"type":"string"},"PublisherName":{"type":"string"},"DataNameSystem":{"type":"string"},"DataNameFriendly":{"type":"string"},"Description":{"type":"string"},"BusinessContact":{"type":"string"},"BusinessContactEmail":{"type":"string"},"BusinessContactUPN":{"type":"string"},"BusinessContactObjID":{"type":"string"},"EngineeringContact":{"type":"string"},"EngineeringContactEmail":{"type":"string"},"EngineeringContactUPN":{"type":"string"},"EngineeringContactObjID":{"type":"string"},"DataOwner":{"type":"string"},"DataOwnerEmail":{"type":"string"},"DataOwnerUPN":{"type":"string"},"DataOwnerObjID":{"type":"string"},"SME":{"type":"string"},"Pattern":{"type":"string"},"Format":{"type":"string"},"Restrictions":{"type":"string"},"Metadata":{"type":"string"},"DataClassificationLevel":{"type":"string"},"CreatedBy":{"type":"string"},"CreatedByEmail":{"type":"string"},"CreatedByUPN":{"type":"string"},"DataSchema":{"type":"string"},"CreatedOnDate":{"type":"string"},"Active":{"type":"boolean"},"ActiveDate":{"type":"string"},"InactiveDate":{"type":"string"},"ControlTableID":{}},"required":["ID","ContractID","SubjectArea","SourceSystem","PublisherName","DataNameSystem","DataNameFriendly","Description","BusinessContact","BusinessContactEmail","BusinessContactUPN","BusinessContactObjID","EngineeringContact","EngineeringContactEmail","EngineeringContactUPN","EngineeringContactObjID","DataOwner","DataOwnerEmail","DataOwnerUPN","DataOwnerObjID","SME","Pattern","Format","Restrictions","Metadata","DataClassificationLevel","CreatedBy","CreatedByEmail","CreatedByUPN","DataSchema","CreatedOnDate","Active","ActiveDate","InactiveDate","ControlTableID"]}}}}}},"connectionReferences":{},"flowFailureAlertSubscribed":false,"isManaged":false}}