{"name":"87e52238-1ea3-4cae-9a6b-36d567608a3b","id":"/providers/Microsoft.Flow/flows/87e52238-1ea3-4cae-9a6b-36d567608a3b","type":"Microsoft.Flow/flows","properties":{"apiId":"/providers/Microsoft.PowerApps/apis/shared_logicflows","displayName":"DataContractSubmit","definition":{"metadata":{"workflowEntityId":null,"processAdvisorMetadata":null,"flowChargedByPaygo":null,"flowclientsuspensionreason":"None","flowclientsuspensiontime":null,"flowclientsuspensionreasondetails":null,"creator":{"id":"40ad053f-ecfb-4cf5-8db2-5a7ca8dff330","type":"User","tenantId":"b01f69fa-6aeb-484a-a6b3-cd9f723bf575"},"provisioningMethod":"FromDefinition","failureAlertSubscription":true,"clientLastModifiedTime":"2023-05-23T17:46:03.0473745Z"},"$schema":"https://schema.management.azure.com/providers/Microsoft.Logic/schemas/2016-06-01/workflowdefinition.json#","contentVersion":"1.0.0.0","parameters":{"$authentication":{"defaultValue":{},"type":"SecureObject"}},"triggers":{"manual":{"metadata":{"operationMetadataId":"68b9212f-b0b2-4e2a-9b72-8cb8cab70bcd"},"type":"Request","kind":"PowerApp","inputs":{"schema":{"type":"object","properties":{"ParseJSON_Content":{"type":"any","x-ms-powerflows-param-ispartial":false}},"required":["ParseJSON_Content"]}}}},"actions":{"HTTP":{"runAfter":{"Parse_JSON":["Succeeded"]},"metadata":{"operationMetadataId":"879d57e8-0525-492d-af57-410d1cd5b190"},"type":"Http","inputs":{"method":"POST","uri":"https://actsd-dev-eu2-logic-02.azurewebsites.net:443/api/DataContractSubmit/triggers/manual/invoke?api-version=2022-05-01&sp=%2Ftriggers%2Fmanual%2Frun&sv=1.0&sig=lQxRaGoyqfwiWVdUwy9qEY0Og6D8Ly1sQj0FofRBlPE","body":"@body('Parse_JSON')"}},"Parse_JSON":{"runAfter":{},"metadata":{"operationMetadataId":"b663e71e-559b-4d0e-bde9-b274d46fbccb"},"type":"ParseJson","inputs":{"content":"@triggerBody()['ParseJSON_Content']","schema":{"type":"array","items":{"type":"object","properties":{"BusinessContact":{"type":"string"},"BusinessContactEmail":{"type":"string"},"BusinessContactObjID":{"type":"string"},"BusinessContactUPN":{"type":"string"},"ContractID":{"type":"string"},"DataClassificationLevel":{"type":"string"},"DataNameFriendly":{"type":"string"},"DataNameSystem":{"type":"string"},"DataOwner":{"type":"string"},"DataOwnerEmail":{"type":"string"},"DataOwnerObjID":{"type":"string"},"DataOwnerUPN":{"type":"string"},"DataSchema":{"type":"array","items":{"type":"object","properties":{"ColumnName":{"type":"string"},"ColumnOrdinalPosition":{"type":"integer"},"DataCollation":{},"DataPrecision":{"type":"integer"},"DataType":{"type":"string"},"MaximumLength":{"type":"integer"}},"required":["ColumnName","ColumnOrdinalPosition","DataCollation","DataPrecision","DataType","MaximumLength"]}},"Description":{"type":"string"},"EngineeringContact":{"type":"string"},"EngineeringContactEmail":{"type":"string"},"EngineeringContactObjID":{"type":"string"},"EngineeringContactUPN":{"type":"string"},"Pattern":{"type":"string"},"Format":{"type":"string"},"Metadata":{"type":"string"},"PublisherName":{"type":"string"},"Restrictions":{"type":"string"},"SME":{"type":"array","items":{"type":"object","properties":{"AccountEnabled":{"type":"boolean"},"BusinessPhones":{"type":"array","items":{"type":"object","properties":{"Value":{"type":"string"}},"required":["Value"]}},"City":{"type":["string","null"]},"CompanyName":{"type":["string","null"]},"Country":{"type":["string","null"]},"Department":{"type":["string","null"]},"DisplayName":{"type":"string"},"GivenName":{"type":["string","null"]},"Id":{"type":"string"},"JobTitle":{"type":["string","null"]},"Mail":{"type":"string"},"MailNickname":{"type":["string","null"]},"OfficeLocation":{"type":["string","null"]},"PostalCode":{"type":["string","null"]},"Surname":{"type":["string","null"]},"TelephoneNumber":{"type":["string","null"]},"UserPrincipalName":{"type":"string"},"mobilePhone":{"type":["string","null"]}},"required":["AccountEnabled","BusinessPhones","City","CompanyName","Country","Department","DisplayName","GivenName","Id","JobTitle","Mail","MailNickname","OfficeLocation","PostalCode","Surname","TelephoneNumber","UserPrincipalName","mobilePhone"]}},"SourceSystem":{"type":"string"},"SubjectArea":{"type":"string"}},"required":["BusinessContact","BusinessContactEmail","BusinessContactObjID","BusinessContactUPN","ContractID","DataClassificationLevel","DataNameFriendly","DataNameSystem","DataOwner","DataOwnerEmail","DataOwnerObjID","DataOwnerUPN","DataSchema","Description","EngineeringContact","EngineeringContactEmail","EngineeringContactObjID","EngineeringContactUPN","Format","Metadata","PublisherName","Restrictions","SME","SourceSystem","SubjectArea"]}}}}}},"connectionReferences":{},"flowFailureAlertSubscribed":false,"isManaged":false}}