{"name":"d9770bbc-8fe7-4f6d-b1b8-5f8cf15fd5e0","id":"/providers/Microsoft.Flow/flows/d9770bbc-8fe7-4f6d-b1b8-5f8cf15fd5e0","type":"Microsoft.Flow/flows","properties":{"apiId":"/providers/Microsoft.PowerApps/apis/shared_logicflows","displayName":"GetSchemaSynapsedb","definition":{"metadata":{"workflowEntityId":null,"processAdvisorMetadata":null,"flowChargedByPaygo":null,"flowclientsuspensionreason":"None","flowclientsuspensiontime":null,"flowclientsuspensionreasondetails":null,"creator":{"id":"40ad053f-ecfb-4cf5-8db2-5a7ca8dff330","type":"User","tenantId":"b01f69fa-6aeb-484a-a6b3-cd9f723bf575"},"provisioningMethod":"FromDefinition","failureAlertSubscription":true,"clientLastModifiedTime":"2023-05-23T17:01:17.2371838Z"},"$schema":"https://schema.management.azure.com/providers/Microsoft.Logic/schemas/2016-06-01/workflowdefinition.json#","contentVersion":"1.0.0.0","parameters":{"$authentication":{"defaultValue":{},"type":"SecureObject"}},"triggers":{"manual":{"metadata":{"operationMetadataId":"4bcc3424-fcb3-4559-b55a-14c062138468"},"type":"Request","kind":"PowerApp","inputs":{"schema":{"type":"object","properties":{"HTTP_Body":{"type":"any","description":"Enter request content. This parameter is used as part of \"6EAB6EB4-0824-4D74-A9C1-70F8ED1076F1\"","x-ms-powerflows-param-ispartial":true}},"required":["HTTP_Body"]}}}},"actions":{"HTTP":{"runAfter":{},"metadata":{"operationMetadataId":"990a7ff0-2144-4bae-90f5-499efc899b88"},"type":"Http","inputs":{"method":"POST","uri":"https://actsd-dev-eu2-logic-02.azurewebsites.net:443/api/getSynapseTable/triggers/manual/invoke?api-version=2022-05-01&sp=%2Ftriggers%2Fmanual%2Frun&sv=1.0&sig=AyI2_2Ws-sle1EXv2cGgYgiFgOjZZvpfu-QxCq5R0ls","body":{"databasename":"@triggerBody()['HTTP_Body']"}}},"Response":{"runAfter":{"HTTP":["Succeeded"]},"metadata":{"operationMetadataId":"e81ce3c2-501f-4fe6-9cc6-c3c52a74fd40"},"type":"Response","kind":"Http","inputs":{"statusCode":200,"body":"@body('HTTP')","schema":{"type":"array","items":{"type":"object","properties":{"CHARACTER_MAXIMUM_LENGTH":{"type":"integer"},"COLUMN_DEFAULT":{"type":"string"},"COLUMN_NAME":{"type":"string"},"DATA_TYPE":{"type":"string"},"IS_NULLABLE":{"type":"string"},"ORDINAL_POSITION":{"type":"integer"},"TABLE_CATALOG":{"type":"string"},"TABLE_NAME":{"type":"string"},"TABLE_SCHEMA":{"type":"string"}},"required":["CHARACTER_MAXIMUM_LENGTH","COLUMN_DEFAULT","COLUMN_NAME","DATA_TYPE","IS_NULLABLE","ORDINAL_POSITION","TABLE_CATALOG","TABLE_NAME","TABLE_SCHEMA"]}}}}}},"connectionReferences":{},"flowFailureAlertSubscribed":false,"isManaged":false}}